[
    {
        "video_id": "jc1kh9",
        "show_id": "1273049"
    },
    {
        "video_id": "epnbsz",
        "show_id": "1417308"
    },
    {
        "video_id": "pk8m6q",
        "show_id": "1201012"
    },
    {
        "video_id": "9o36gx",
        "show_id": "949716"
    },
    {
        "video_id": "kdtim1",
        "show_id": "1436660"
    },
    {
        "video_id": "vz6job",
        "show_id": "915010"
    },
    {
        "video_id": "onvhm6",
        "show_id": "1450512"
    },
    {
        "video_id": "rqwp6f",
        "show_id": "1431464"
    },
    {
        "video_id": "x6ka8x",
        "show_id": "1443321"
    },
    {
        "video_id": "5wgn9t",
        "show_id": "1124620"
    },
    {
        "video_id": "miuwcb",
        "show_id": "1428265"
    },
    {
        "video_id": "ur5ebl",
        "show_id": "1436025"
    },
    {
        "video_id": "6hd1ty",
        "show_id": "1440472"
    },
    {
        "video_id": "c5boso",
        "show_id": "1418286"
    },
    {
        "video_id": "lucg1b",
        "show_id": "1433719"
    },
    {
        "video_id": "kdtiya",
        "show_id": "1125899"
    },
    {
        "video_id": "rqwpg1",
        "show_id": "1435760"
    },
    {
        "video_id": "geoz3h",
        "show_id": "1443349"
    },
    {
        "video_id": "pk8mz9",
        "show_id": "1453700"
    },
    {
        "video_id": "miuwnz",
        "show_id": "1075456"
    },
    {
        "video_id": "isrfom",
        "show_id": "1433330"
    },
    {
        "video_id": "6hd1uc",
        "show_id": "1204892"
    },
    {
        "video_id": "s9qxnu",
        "show_id": "1145725"
    },
    {
        "video_id": "vz6jxq",
        "show_id": "1426408"
    },
    {
        "video_id": "x6k5bg",
        "show_id": "1437446"
    },
    {
        "video_id": "pk8bhm",
        "show_id": "1450469"
    },
    {
        "video_id": "tamo8u",
        "show_id": "1414166"
    },
    {
        "video_id": "hljf6z",
        "show_id": "1450459"
    },
    {
        "video_id": "epn1ga",
        "show_id": "1018405"
    },
    {
        "video_id": "bg9t1d",
        "show_id": "1403809"
    },
    {
        "video_id": "pk8bet",
        "show_id": "1403795"
    },
    {
        "video_id": "8ty9nx",
        "show_id": "1396680"
    },
    {
        "video_id": "isrzxm",
        "show_id": "1443064"
    },
    {
        "video_id": "kdtgsi",
        "show_id": "1229586"
    },
    {
        "video_id": "miuv5j",
        "show_id": "1439890"
    },
    {
        "video_id": "hljf1c",
        "show_id": "1297763"
    },
    {
        "video_id": "jc1h98",
        "show_id": "187813"
    },
    {
        "video_id": "pk8fx8",
        "show_id": "461108"
    },
    {
        "video_id": "miutap",
        "show_id": "35635"
    },
    {
        "video_id": "6hdvzs",
        "show_id": "776123"
    },
    {
        "video_id": "c5blut",
        "show_id": "942909"
    },
    {
        "video_id": "jc1hpj",
        "show_id": "32284"
    },
    {
        "video_id": "dja6el",
        "show_id": "1170981"
    },
    {
        "video_id": "israzy",
        "show_id": "1138621"
    },
    {
        "video_id": "3vx9uo",
        "show_id": "35636"
    },
    {
        "video_id": "pk8fb1",
        "show_id": "140532"
    },
    {
        "video_id": "miutvc",
        "show_id": "340912"
    },
    {
        "video_id": "tamkop",
        "show_id": "1282980"
    },
    {
        "video_id": "geo5ad",
        "show_id": "37807"
    },
    {
        "video_id": "8typ91",
        "show_id": "869528"
    },
    {
        "video_id": "9o3bfb",
        "show_id": "380254"
    },
    {
        "video_id": "n8zego",
        "show_id": "433467"
    },
    {
        "video_id": "hljzvx",
        "show_id": "25503"
    },
    {
        "video_id": "9o3b1y",
        "show_id": "128115"
    },
    {
        "video_id": "3vx9sp",
        "show_id": "447721"
    },
    {
        "video_id": "kdtxf1",
        "show_id": "1445690"
    },
    {
        "video_id": "pk8fw5",
        "show_id": "1112417"
    },
    {
        "video_id": "tamkp6",
        "show_id": "615792"
    },
    {
        "video_id": "geo5cl",
        "show_id": "336055"
    },
    {
        "video_id": "bg9cje",
        "show_id": "516652"
    },
    {
        "video_id": "5wgula",
        "show_id": "1238130"
    },
    {
        "video_id": "q3fs6n",
        "show_id": "86608"
    },
    {
        "video_id": "c5bler",
        "show_id": "193956"
    },
    {
        "video_id": "hljz5b",
        "show_id": "857800"
    },
    {
        "video_id": "lucywm",
        "show_id": "639705"
    },
    {
        "video_id": "onvgyi",
        "show_id": "763743"
    },
    {
        "video_id": "dja6b6",
        "show_id": "235580"
    },
    {
        "video_id": "isra3v",
        "show_id": "1101401"
    },
    {
        "video_id": "kdtx1z",
        "show_id": "442087"
    },
    {
        "video_id": "tamksg",
        "show_id": "1205229"
    },
    {
        "video_id": "epnwtr",
        "show_id": "1459232"
    },
    {
        "video_id": "isra3o",
        "show_id": "1078907"
    },
    {
        "video_id": "6hdvck",
        "show_id": "1244244"
    },
    {
        "video_id": "ur5m19",
        "show_id": "1359451"
    },
    {
        "video_id": "6hdv8b",
        "show_id": "1403735"
    },
    {
        "video_id": "kdtxzw",
        "show_id": "1459227"
    },
    {
        "video_id": "dja6fm",
        "show_id": "71614"
    },
    {
        "video_id": "3vx9ie",
        "show_id": "82991"
    },
    {
        "video_id": "onvgwx",
        "show_id": "18017"
    },
    {
        "video_id": "geo5og",
        "show_id": "6945"
    },
    {
        "video_id": "8typyn",
        "show_id": "343468"
    },
    {
        "video_id": "5wgugq",
        "show_id": "696506"
    },
    {
        "video_id": "hljzjk",
        "show_id": "1311357"
    },
    {
        "video_id": "pk8fqe",
        "show_id": "1372540"
    },
    {
        "video_id": "9o3bct",
        "show_id": "1226141"
    },
    {
        "video_id": "hljzn9",
        "show_id": "1114569"
    },
    {
        "video_id": "6hdvu6",
        "show_id": "1278722"
    },
    {
        "video_id": "5wguxn",
        "show_id": "130629"
    },
    {
        "video_id": "q3fszp",
        "show_id": "429764"
    },
    {
        "video_id": "miuti8",
        "show_id": "1442407"
    },
    {
        "video_id": "x6k36p",
        "show_id": "36884"
    },
    {
        "video_id": "9o3bor",
        "show_id": "351694"
    },
    {
        "video_id": "6hd5qb",
        "show_id": "1148464"
    },
    {
        "video_id": "miens3",
        "show_id": "950396"
    },
    {
        "video_id": "hlqptq",
        "show_id": "257094"
    },
    {
        "video_id": "bgkmwg",
        "show_id": "774100"
    },
    {
        "video_id": "djw3ox",
        "show_id": "1418287"
    },
    {
        "video_id": "3vm1ci",
        "show_id": "972533"
    },
    {
        "video_id": "hlqoed",
        "show_id": "1425816"
    },
    {
        "video_id": "kd5qka",
        "show_id": "1281091"
    },
    {
        "video_id": "djwadf",
        "show_id": "1261555"
    },
    {
        "video_id": "lu33rx",
        "show_id": "1452184"
    },
    {
        "video_id": "x6uuh3",
        "show_id": "1309027"
    },
    {
        "video_id": "djwwzl",
        "show_id": "1323577"
    },
    {
        "video_id": "3vmmgo",
        "show_id": "1446568"
    },
    {
        "video_id": "rqzz1i",
        "show_id": "1429616"
    },
    {
        "video_id": "mioodc",
        "show_id": "1367682"
    },
    {
        "video_id": "epjjis",
        "show_id": "1323049"
    },
    {
        "video_id": "6hrnnn",
        "show_id": "1436524"
    },
    {
        "video_id": "5w6i61",
        "show_id": "1416765"
    },
    {
        "video_id": "jcfy1d",
        "show_id": "1362608"
    },
    {
        "video_id": "hlq8jg",
        "show_id": "1352774"
    },
    {
        "video_id": "lu3tci",
        "show_id": "1418290"
    },
    {
        "video_id": "onawvs",
        "show_id": "1399896"
    },
    {
        "video_id": "isnjrz",
        "show_id": "1318917"
    },
    {
        "video_id": "9ot53x",
        "show_id": "1342121"
    },
    {
        "video_id": "5w6hfc",
        "show_id": "800367"
    },
    {
        "video_id": "isn8l8",
        "show_id": "1265623"
    },
    {
        "video_id": "hlq3ku",
        "show_id": "1383461"
    },
    {
        "video_id": "5w6hzq",
        "show_id": "1233575"
    },
    {
        "video_id": "pkc5ke",
        "show_id": "1375762"
    },
    {
        "video_id": "mioniw",
        "show_id": "1291904"
    },
    {
        "video_id": "x6ur6r",
        "show_id": "1202479"
    },
    {
        "video_id": "vzihvt",
        "show_id": "1428267"
    },
    {
        "video_id": "n81yn6",
        "show_id": "1388366"
    },
    {
        "video_id": "djw1uv",
        "show_id": "1428705"
    },
    {
        "video_id": "miorb6",
        "show_id": "1429961"
    },
    {
        "video_id": "tagi8t",
        "show_id": "1457986"
    },
    {
        "video_id": "mion8t",
        "show_id": "1426674"
    },
    {
        "video_id": "epjctt",
        "show_id": "1420361"
    },
    {
        "video_id": "pkcvoh",
        "show_id": "1449447"
    },
    {
        "video_id": "n81x3h",
        "show_id": "1380415"
    },
    {
        "video_id": "bgkrg1",
        "show_id": "510657"
    },
    {
        "video_id": "isncph",
        "show_id": "1414731"
    },
    {
        "video_id": "epj3lp",
        "show_id": "1425617"
    },
    {
        "video_id": "isncpj",
        "show_id": "1426486"
    },
    {
        "video_id": "undefined",
        "show_id": "1020414"
    },
    {
        "video_id": "bgkruh",
        "show_id": "634878"
    },
    {
        "video_id": "pkcv3d",
        "show_id": "1422232"
    },
    {
        "video_id": "gedqr9",
        "show_id": "1461079"
    },
    {
        "video_id": "vzipem",
        "show_id": "1393382"
    },
    {
        "video_id": "hlqt88",
        "show_id": "1249227"
    },
    {
        "video_id": "undefined",
        "show_id": "1195430"
    },
    {
        "video_id": "undefined",
        "show_id": "1125623"
    },
    {
        "video_id": "9otw5b",
        "show_id": "1407861"
    },
    {
        "video_id": "djwyze",
        "show_id": "1257759"
    },
    {
        "video_id": "c5ximj",
        "show_id": "1413564"
    },
    {
        "video_id": "6hr8ng",
        "show_id": "1424587"
    },
    {
        "video_id": "undefined",
        "show_id": "1229730"
    },
    {
        "video_id": "8tb6ma",
        "show_id": "1384211"
    },
    {
        "video_id": "vziphg",
        "show_id": "1430527"
    },
    {
        "video_id": "6hr8jd",
        "show_id": "1195506"
    },
    {
        "video_id": "undefined",
        "show_id": "324544"
    },
    {
        "video_id": "epj38q",
        "show_id": "1441091"
    },
    {
        "video_id": "hlqtcg",
        "show_id": "1411778"
    },
    {
        "video_id": "isnc8j",
        "show_id": "1419229"
    },
    {
        "video_id": "jcfmmn",
        "show_id": "937393"
    },
    {
        "video_id": "c5xiic",
        "show_id": "1417677"
    },
    {
        "video_id": "miojqs",
        "show_id": "1013482"
    },
    {
        "video_id": "urv1fj",
        "show_id": "1149167"
    },
    {
        "video_id": "5w6spy",
        "show_id": "1104845"
    },
    {
        "video_id": "x6unjp",
        "show_id": "1441567"
    },
    {
        "video_id": "bgkrn9",
        "show_id": "1418522"
    },
    {
        "video_id": "taghsp",
        "show_id": "1000438"
    },
    {
        "video_id": "kd5z1m",
        "show_id": "777443"
    },
    {
        "video_id": "mioj83",
        "show_id": "955496"
    },
    {
        "video_id": "undefined",
        "show_id": "1419826"
    },
    {
        "video_id": "5w6pqs",
        "show_id": "1453677"
    },
    {
        "video_id": "8tbide",
        "show_id": "1445692"
    },
    {
        "video_id": "3vmhj5",
        "show_id": "1356039"
    },
    {
        "video_id": "x6uj1h",
        "show_id": "1224993"
    },
    {
        "video_id": "pkcai1",
        "show_id": "1391385"
    },
    {
        "video_id": "ged8yv",
        "show_id": "1460265"
    },
    {
        "video_id": "pkcvwf",
        "show_id": "1216780"
    },
    {
        "video_id": "hlq5gm",
        "show_id": "1429886"
    },
    {
        "video_id": "onay93",
        "show_id": "1312833"
    },
    {
        "video_id": "lu3whq",
        "show_id": "1428778"
    },
    {
        "video_id": "x6uniz",
        "show_id": "1446286"
    },
    {
        "video_id": "bgkn13",
        "show_id": "1143407"
    },
    {
        "video_id": "isn3my",
        "show_id": "1433947"
    },
    {
        "video_id": "6hrcx1",
        "show_id": "1428262"
    },
    {
        "video_id": "tags88",
        "show_id": "1379877"
    },
    {
        "video_id": "onaykt",
        "show_id": "1145305"
    },
    {
        "video_id": "pkcvq3",
        "show_id": "1405338"
    },
    {
        "video_id": "urv1xc",
        "show_id": "1422179"
    },
    {
        "video_id": "urvf9f",
        "show_id": "1084199"
    },
    {
        "video_id": "bgknft",
        "show_id": "1435971"
    },
    {
        "video_id": "isn3gb",
        "show_id": "1442440"
    },
    {
        "video_id": "x6ujbl",
        "show_id": "1223275"
    },
    {
        "video_id": "epjtig",
        "show_id": "1414578"
    },
    {
        "video_id": "x6ujxt",
        "show_id": "1405712"
    },
    {
        "video_id": "isn3im",
        "show_id": "1045938"
    },
    {
        "video_id": "mio866",
        "show_id": "1212411"
    },
    {
        "video_id": "lu3zkt",
        "show_id": "1286663"
    },
    {
        "video_id": "5w6lao",
        "show_id": "1429743"
    },
    {
        "video_id": "bgkjlm",
        "show_id": "1255795"
    },
    {
        "video_id": "undefined",
        "show_id": "1444778"
    },
    {
        "video_id": "kd5ylk",
        "show_id": "1226406"
    },
    {
        "video_id": "djwmoc",
        "show_id": "1426364"
    },
    {
        "video_id": "hlqaen",
        "show_id": "1446943"
    },
    {
        "video_id": "c5xs8x",
        "show_id": "1461554"
    },
    {
        "video_id": "6hrtgj",
        "show_id": "1126166"
    },
    {
        "video_id": "q3yejm",
        "show_id": "1361952"
    },
    {
        "video_id": "urvbk1",
        "show_id": "1434137"
    },
    {
        "video_id": "x6u8b8",
        "show_id": "1293286"
    },
    {
        "video_id": "5w69tl",
        "show_id": "1462743"
    },
    {
        "video_id": "ged3ma",
        "show_id": "1227003"
    },
    {
        "video_id": "miocxb",
        "show_id": "1422289"
    },
    {
        "video_id": "pkczss",
        "show_id": "1457113"
    },
    {
        "video_id": "isnvhk",
        "show_id": "1444255"
    },
    {
        "video_id": "rqzgdr",
        "show_id": "1241726"
    },
    {
        "video_id": "x6ucgl",
        "show_id": "1451707"
    },
    {
        "video_id": "8tbh8p",
        "show_id": "1461100"
    },
    {
        "video_id": "miocm8",
        "show_id": "1452908"
    },
    {
        "video_id": "c5xscm",
        "show_id": "1280672"
    },
    {
        "video_id": "9otf9r",
        "show_id": "1443065"
    },
    {
        "video_id": "3vmp3a",
        "show_id": "1203329"
    },
    {
        "video_id": "kd5bdr",
        "show_id": "1438050"
    },
    {
        "video_id": "3vmlwf",
        "show_id": "1353117"
    },
    {
        "video_id": "x6ucl1",
        "show_id": "1398942"
    },
    {
        "video_id": "c5xptg",
        "show_id": "1078600"
    },
    {
        "video_id": "tagkx1",
        "show_id": "1403775"
    },
    {
        "video_id": "rqziwa",
        "show_id": "1386514"
    },
    {
        "video_id": "x6u391",
        "show_id": "1411130"
    },
    {
        "video_id": "epjwrl",
        "show_id": "1091862"
    },
    {
        "video_id": "rqziav",
        "show_id": "1401905"
    },
    {
        "video_id": "jcfhze",
        "show_id": "1417623"
    },
    {
        "video_id": "miotkz",
        "show_id": "1396979"
    },
    {
        "video_id": "n81ewh",
        "show_id": "1404382"
    },
    {
        "video_id": "bgkcly",
        "show_id": "1421461"
    },
    {
        "video_id": "c5xlyl",
        "show_id": "1019923"
    },
    {
        "video_id": "kd5xtt",
        "show_id": "1416842"
    },
    {
        "video_id": "miotul",
        "show_id": "1414275"
    },
    {
        "video_id": "miotu1",
        "show_id": "710295"
    },
    {
        "video_id": "onag5y",
        "show_id": "1414160"
    },
    {
        "video_id": "5w6umq",
        "show_id": "1396981"
    },
    {
        "video_id": "jcfh1h",
        "show_id": "1114894"
    },
    {
        "video_id": "miotno",
        "show_id": "926670"
    },
    {
        "video_id": "rqziyf",
        "show_id": "1249289"
    },
    {
        "video_id": "3vm9ih",
        "show_id": "1411273"
    },
    {
        "video_id": "djw6fg",
        "show_id": "1149953"
    },
    {
        "video_id": "n81ebk",
        "show_id": "1406834"
    },
    {
        "video_id": "pkcfvu",
        "show_id": "1281979"
    },
    {
        "video_id": "miot8n",
        "show_id": "1227816"
    },
    {
        "video_id": "pkcfwd",
        "show_id": "784651"
    },
    {
        "video_id": "8tbpha",
        "show_id": "933131"
    },
    {
        "video_id": "djw6mh",
        "show_id": "1221677"
    },
    {
        "video_id": "c5xlhj",
        "show_id": "997162"
    },
    {
        "video_id": "rqzigm",
        "show_id": "818861"
    },
    {
        "video_id": "jcfhid",
        "show_id": "1239251"
    },
    {
        "video_id": "miot3e",
        "show_id": "1217455"
    },
    {
        "video_id": "c5xlsq",
        "show_id": "1196646"
    },
    {
        "video_id": "5w6uk1",
        "show_id": "1180390"
    },
    {
        "video_id": "tagkle",
        "show_id": "1216299"
    },
    {
        "video_id": "3vm9p9",
        "show_id": "876127"
    },
    {
        "video_id": "tagk9h",
        "show_id": "1150478"
    },
    {
        "video_id": "miot3q",
        "show_id": "848538"
    },
    {
        "video_id": "epjwa8",
        "show_id": "1155089"
    },
    {
        "video_id": "9otb9o",
        "show_id": "849509"
    },
    {
        "video_id": "hlqzm9",
        "show_id": "1007826"
    },
    {
        "video_id": "c5xlda",
        "show_id": "636706"
    },
    {
        "video_id": "pkcfxc",
        "show_id": "1244039"
    },
    {
        "video_id": "bgkctk",
        "show_id": "1248795"
    },
    {
        "video_id": "urvm6q",
        "show_id": "1241023"
    },
    {
        "video_id": "djw6il",
        "show_id": "1214490"
    },
    {
        "video_id": "ged5vd",
        "show_id": "1227770"
    },
    {
        "video_id": "djw66p",
        "show_id": "1216784"
    },
    {
        "video_id": "epjwwc",
        "show_id": "1216512"
    },
    {
        "video_id": "bgkccl",
        "show_id": "962074"
    },
    {
        "video_id": "pkcffj",
        "show_id": "972433"
    },
    {
        "video_id": "6hrv3o",
        "show_id": "1423180"
    },
    {
        "video_id": "tagks6",
        "show_id": "1404863"
    },
    {
        "video_id": "c5xlir",
        "show_id": "1429299"
    },
    {
        "video_id": "jcfhmk",
        "show_id": "1061649"
    },
    {
        "video_id": "lu3yam",
        "show_id": "1255788"
    },
    {
        "video_id": "rqziby",
        "show_id": "1261501"
    },
    {
        "video_id": "x6u3ng",
        "show_id": "1212142"
    },
    {
        "video_id": "5w6uet",
        "show_id": "1410082"
    },
    {
        "video_id": "pkcftc",
        "show_id": "842328"
    },
    {
        "video_id": "epjw8o",
        "show_id": "996821"
    },
    {
        "video_id": "x6u3ob",
        "show_id": "1304800"
    },
    {
        "video_id": "5w6ui3",
        "show_id": "1416904"
    },
    {
        "video_id": "lu3yty",
        "show_id": "993710"
    },
    {
        "video_id": "q3ysyu",
        "show_id": "604685"
    },
    {
        "video_id": "n81e1p",
        "show_id": "1396984"
    },
    {
        "video_id": "isnanc",
        "show_id": "1406359"
    },
    {
        "video_id": "rqzizw",
        "show_id": "1388808"
    },
    {
        "video_id": "bgkc9b",
        "show_id": "1418770"
    },
    {
        "video_id": "lu3yc1",
        "show_id": "1250629"
    },
    {
        "video_id": "djw6ay",
        "show_id": "1411287"
    },
    {
        "video_id": "pkcf8j",
        "show_id": "1422196"
    },
    {
        "video_id": "ged5ug",
        "show_id": "1396980"
    },
    {
        "video_id": "s98mgy",
        "show_id": "1416651"
    },
    {
        "video_id": "rqzl9i",
        "show_id": "1254786"
    },
    {
        "video_id": "x6uwwz",
        "show_id": "1444576"
    },
    {
        "video_id": "bgkaw9",
        "show_id": "765897"
    },
    {
        "video_id": "8tborf",
        "show_id": "1446946"
    },
    {
        "video_id": "jcfkd8",
        "show_id": "1252377"
    },
    {
        "video_id": "s98m6b",
        "show_id": "1294203"
    },
    {
        "video_id": "9otihi",
        "show_id": "1443832"
    },
    {
        "video_id": "x6uw1f",
        "show_id": "1461456"
    },
    {
        "video_id": "urvf9f",
        "show_id": "4199"
    },
    {
        "video_id": "rqzgdr",
        "show_id": "1726"
    },
    {
        "video_id": "isnym3",
        "show_id": "1459424"
    },
    {
        "video_id": "q3yoml",
        "show_id": "24428"
    },
    {
        "video_id": "gedfnx",
        "show_id": "9313"
    },
    {
        "video_id": "c5xrbi",
        "show_id": "299534"
    },
    {
        "video_id": "vzi8mq",
        "show_id": "538153"
    },
    {
        "video_id": "n81kab",
        "show_id": "99861"
    },
    {
        "video_id": "rqz9vj",
        "show_id": "284274"
    },
    {
        "video_id": "isnbub",
        "show_id": "1425459"
    },
    {
        "video_id": "vzi8xj",
        "show_id": "41428"
    },
    {
        "video_id": "pkc6ny",
        "show_id": "521720"
    },
    {
        "video_id": "6hrykq",
        "show_id": "517289"
    },
    {
        "video_id": "kd5h8o",
        "show_id": "1359227"
    },
    {
        "video_id": "gedfla",
        "show_id": "899249"
    },
    {
        "video_id": "8tbdws",
        "show_id": "940543"
    },
    {
        "video_id": "mio1pq",
        "show_id": "321494"
    },
    {
        "video_id": "q3yoam",
        "show_id": "339259"
    },
    {
        "video_id": "hlqmon",
        "show_id": "10138"
    },
    {
        "video_id": "9otejd",
        "show_id": "68721"
    },
    {
        "video_id": "hlqmum",
        "show_id": "43836"
    },
    {
        "video_id": "epjxkb",
        "show_id": "1361622"
    },
    {
        "video_id": "vzi8yr",
        "show_id": "97430"
    },
    {
        "video_id": "3vmnz5",
        "show_id": "847692"
    },
    {
        "video_id": "gedfs5",
        "show_id": "1414157"
    },
    {
        "video_id": "pkc69g",
        "show_id": "1214481"
    },
    {
        "video_id": "jcfkjt",
        "show_id": "1418280"
    },
    {
        "video_id": "x6uwyb",
        "show_id": "1084031"
    },
    {
        "video_id": "ged1xj",
        "show_id": "1272149"
    },
    {
        "video_id": "urvh9c",
        "show_id": "1325482"
    },
    {
        "video_id": "vziq3s",
        "show_id": "774370"
    },
    {
        "video_id": "midpoa",
        "show_id": "1027073"
    },
    {
        "video_id": "isjkja",
        "show_id": "559566"
    },
    {
        "video_id": "3vg1mq",
        "show_id": "23155"
    },
    {
        "video_id": "hl8ocy",
        "show_id": "203474"
    },
    {
        "video_id": "bguhoj",
        "show_id": "25539"
    },
    {
        "video_id": "midprd",
        "show_id": "23154"
    },
    {
        "video_id": "ta6fxk",
        "show_id": "1450623"
    },
    {
        "video_id": "hl8oo5",
        "show_id": "1150209"
    },
    {
        "video_id": "c5m5vt",
        "show_id": "850920"
    },
    {
        "video_id": "6hnhhh",
        "show_id": "1418311"
    },
    {
        "video_id": "n8fvke",
        "show_id": "23153"
    },
    {
        "video_id": "uracgb",
        "show_id": "23151"
    },
    {
        "video_id": "midl93",
        "show_id": "40979"
    },
    {
        "video_id": "5wiy33",
        "show_id": "23167"
    },
    {
        "video_id": "onj6y1",
        "show_id": "s1-e1-202555"
    },
    {
        "video_id": "urap1e",
        "show_id": "s1-e8-202555"
    },
    {
        "video_id": "5wi86d",
        "show_id": "s1-e4-202555"
    },
    {
        "video_id": "midfo5",
        "show_id": "s1-e5-202555"
    },
    {
        "video_id": "urapvm",
        "show_id": "s1-e6-202555"
    },
    {
        "video_id": "q3bdyh",
        "show_id": "s1-e7-202555"
    },
    {
        "video_id": "n8fu1g",
        "show_id": "s1-e9-202555"
    },
    {
        "video_id": "3vgjmf",
        "show_id": "s1-e3-202555"
    },
    {
        "video_id": "onjiv3",
        "show_id": "s1-e6-228878"
    },
    {
        "video_id": "x6i59h",
        "show_id": "s1-e5-228878"
    },
    {
        "video_id": "miev9n",
        "show_id": "s1-e4-228878"
    },
    {
        "video_id": "pkubni",
        "show_id": "s1-e3-228878"
    },
    {
        "video_id": "onji3q",
        "show_id": "s1-e2-228878"
    },
    {
        "video_id": "x6i5s6",
        "show_id": "s1-e1-228878"
    },
    {
        "video_id": "kdrgre",
        "show_id": "s2-e1-95557"
    },
    {
        "video_id": "3vauvn",
        "show_id": "s2-e8-95557"
    },
    {
        "video_id": "ispzhx",
        "show_id": "s2-e7-95557"
    },
    {
        "video_id": "6hsagj",
        "show_id": "s2-e6-95557"
    },
    {
        "video_id": "bg631p",
        "show_id": "s2-e5-95557"
    },
    {
        "video_id": "n8chkd",
        "show_id": "s2-e4-95557"
    },
    {
        "video_id": "3vakrp",
        "show_id": "s2-e3-95557"
    },
    {
        "video_id": "luobgm",
        "show_id": "s2-e2-95557"
    },
    {
        "video_id": "ispw1u",
        "show_id": "s1-e1-90228"
    },
    {
        "video_id": "x6it81",
        "show_id": "s1-e2-202555"
    },
    {
        "video_id": "ispwrb",
        "show_id": "s1-e5-90228"
    },
    {
        "video_id": "6hsao1",
        "show_id": "s1-e4-90228"
    },
    {
        "video_id": "vz1dmr",
        "show_id": "s1-e3-90228"
    },
    {
        "video_id": "tawufn",
        "show_id": "s1-e6-90228"
    },
    {
        "video_id": "urngj5",
        "show_id": "s1-e2-90228"
    },
    {
        "video_id": "x6it6x",
        "show_id": "1080"
    },
    {
        "video_id": "pkuv6c",
        "show_id": "s3-e1-95557"
    },
    {
        "video_id": "9odal9",
        "show_id": "s3-e6-95557"
    },
    {
        "video_id": "q3tmn1",
        "show_id": "s3-e5-95557"
    },
    {
        "video_id": "pku5it",
        "show_id": "s3-e4-95557"
    },
    {
        "video_id": "q3tmk5",
        "show_id": "s3-e3-95557"
    },
    {
        "video_id": "5wzhry",
        "show_id": "s3-e2-95557"
    },
    {
        "video_id": "onj1rc",
        "show_id": "s0-e1-95557"
    },
    {
        "video_id": "isqslt",
        "show_id": "1465609"
    },
    {
        "video_id": "vzhzir",
        "show_id": "1292906"
    },
    {
        "video_id": "6hjhk5",
        "show_id": "1234422"
    },
    {
        "video_id": "8tmtzg",
        "show_id": "1078812"
    },
    {
        "video_id": "bgom6o",
        "show_id": "s1-e1-286439"
    },
    {
        "video_id": "germf9",
        "show_id": "s4-e2-125935"
    },
    {
        "video_id": "epqiwk",
        "show_id": "s2-e8-76479"
    },
    {
        "video_id": "s9chaj",
        "show_id": "s3-e4-76479"
    },
    {
        "video_id": "5witsr",
        "show_id": "s3-e6-76479"
    },
    {
        "video_id": "x6obno",
        "show_id": "s4-e6-125935"
    },
    {
        "video_id": "lutpv5",
        "show_id": "s3-e1-76479"
    },
    {
        "video_id": "6hngr8",
        "show_id": "s4-e8-76479"
    },
    {
        "video_id": "rq1dzj",
        "show_id": "s3-e5-76479"
    },
    {
        "video_id": "bguyl3",
        "show_id": "s3-e2-76479"
    },
    {
        "video_id": "djzovc",
        "show_id": "s4-e6-76479"
    },
    {
        "video_id": "3vgcbv",
        "show_id": "s4-e4-76479"
    },
    {
        "video_id": "vze5mr",
        "show_id": "s4-e1-76479"
    },
    {
        "video_id": "kdv989",
        "show_id": "s4-e7-76479"
    },
    {
        "video_id": "pk3sri",
        "show_id": "s4-e5-76479"
    },
    {
        "video_id": "isj6kz",
        "show_id": "s3-e8-76479"
    },
    {
        "video_id": "hl8euy",
        "show_id": "s4-e3-76479"
    },
    {
        "video_id": "bguyej",
        "show_id": "s4-e2-76479"
    },
    {
        "video_id": "pk3sog",
        "show_id": "s3-e8-95557"
    },
    {
        "video_id": "ta63zd",
        "show_id": "1442703"
    },
    {
        "video_id": "jcynt5",
        "show_id": "s3-e7-95557"
    },
    {
        "video_id": "s9chk6",
        "show_id": "s2-e5-76479"
    },
    {
        "video_id": "bgufbu",
        "show_id": "663558"
    },
    {
        "video_id": "s9cetr",
        "show_id": "s4-e3-125935"
    },
    {
        "video_id": "s9ceqk",
        "show_id": "s2-e6-71914"
    },
    {
        "video_id": "s9cenl",
        "show_id": "s1-e5-278004"
    },
    {
        "video_id": "c5mqvz",
        "show_id": "s1-e4-278004"
    },
    {
        "video_id": "djzkdu",
        "show_id": "s1-e2-278004"
    },
    {
        "video_id": "epqgev",
        "show_id": "s1-e6-278004"
    },
    {
        "video_id": "6hnx6l",
        "show_id": "s1-e7-278004"
    },
    {
        "video_id": "n8fon3",
        "show_id": "s1-e1-278004"
    },
    {
        "video_id": "djzkok",
        "show_id": "s1-e3-278004"
    },
    {
        "video_id": "isjm6x",
        "show_id": "s1-e8-278004"
    },
    {
        "video_id": "midyxt",
        "show_id": "s4-e1-125935"
    },
    {
        "video_id": "vze35s",
        "show_id": "s4-e5-125935"
    },
    {
        "video_id": "c5mj85",
        "show_id": "s4-e8-125935"
    },
    {
        "video_id": "onw9kk",
        "show_id": "s4-e13-125935"
    },
    {
        "video_id": "pk3ehf",
        "show_id": "s4-e16-125935"
    },
    {
        "video_id": "epqg6t",
        "show_id": "s4-e12-125935"
    },
    {
        "video_id": "ural9q",
        "show_id": "s4-e17-125935"
    },
    {
        "video_id": "n8fod8",
        "show_id": "s4-e19-125935"
    },
    {
        "video_id": "hl866e",
        "show_id": "s4-e11-125935"
    },
    {
        "video_id": "luthhs",
        "show_id": "s4-e18-125935"
    },
    {
        "video_id": "djzkkl",
        "show_id": "s4-e21-125935"
    },
    {
        "video_id": "9o5ss6",
        "show_id": "s4-e15-125935"
    },
    {
        "video_id": "3vgqqo",
        "show_id": "s4-e14-125935"
    },
    {
        "video_id": "kdvppm",
        "show_id": "s2-e7-71914"
    },
    {
        "video_id": "ta688p",
        "show_id": "s4-e22-125935"
    },
    {
        "video_id": "hl8665",
        "show_id": "s4-e20-125935"
    },
    {
        "video_id": "x6ofwa",
        "show_id": "s2-e1-71914"
    },
    {
        "video_id": "midyzj",
        "show_id": "s1-e3-276253"
    },
    {
        "video_id": "ta68ne",
        "show_id": "s2-e5-71914"
    },
    {
        "video_id": "isjmyn",
        "show_id": "s1-e1-238339"
    },
    {
        "video_id": "gerb1k",
        "show_id": "s1-e2-241275"
    },
    {
        "video_id": "jcyd9o",
        "show_id": "s1-e1-241275"
    },
    {
        "video_id": "3vgqdl",
        "show_id": "s1-e4-241275"
    },
    {
        "video_id": "ta68ri",
        "show_id": "s1-e3-241275"
    },
    {
        "video_id": "midfzq",
        "show_id": "s3-e2-71914"
    },
    {
        "video_id": "x6o1wh",
        "show_id": "s3-e8-71914"
    },
    {
        "video_id": "5wi8j1",
        "show_id": "s3-e5-71914"
    },
    {
        "video_id": "midfze",
        "show_id": "s3-e1-71914"
    },
    {
        "video_id": "6hnb16",
        "show_id": "s3-e3-71914"
    },
    {
        "video_id": "n8fulr",
        "show_id": "s3-e4-71914"
    },
    {
        "video_id": "8txrua",
        "show_id": "s3-e7-71914"
    },
    {
        "video_id": "5wi8nz",
        "show_id": "s3-e6-71914"
    },
    {
        "video_id": "mire8t",
        "show_id": "1184889"
    },
    {
        "video_id": "mirhvs",
        "show_id": "s4-e4-126027"
    },
    {
        "video_id": "hlckf9",
        "show_id": "s4-e1-126027"
    },
    {
        "video_id": "mirhtv",
        "show_id": "s4-e18-126027"
    },
    {
        "video_id": "urwjmg",
        "show_id": "s4-e19-126027"
    },
    {
        "video_id": "dj186w",
        "show_id": "s4-e15-126027"
    },
    {
        "video_id": "mirhte",
        "show_id": "s4-e17-126027"
    },
    {
        "video_id": "isqkys",
        "show_id": "s1-e4-247718"
    },
    {
        "video_id": "6hj91a",
        "show_id": "s1-e2-247718"
    },
    {
        "video_id": "n8y5le",
        "show_id": "s1-e1-247718"
    },
    {
        "video_id": "lu5ngw",
        "show_id": "s1-e3-247718"
    },
    {
        "video_id": "x6dsar",
        "show_id": "s1-e1-272059"
    },
    {
        "video_id": "ep8knz",
        "show_id": "1145221"
    },
    {
        "video_id": "6hjlu9",
        "show_id": "s5-e1-50712"
    },
    {
        "video_id": "dj1cjs",
        "show_id": "s1-e2-243217"
    },
    {
        "video_id": "6hjled",
        "show_id": "s1-e1-243217"
    },
    {
        "video_id": "5wefaz",
        "show_id": "s5-e2-50712"
    },
    {
        "video_id": "hlckex",
        "show_id": "s1-e3-243217"
    },
    {
        "video_id": "6hjpmk",
        "show_id": "s1-e4-243217"
    },
    {
        "video_id": "lu55oy",
        "show_id": "1400274"
    },
    {
        "video_id": "mirrsx",
        "show_id": "1424217"
    },
    {
        "video_id": "hlccdx",
        "show_id": "1442293"
    },
    {
        "video_id": "8tm9wo",
        "show_id": "1426142"
    },
    {
        "video_id": "5weo3s",
        "show_id": "1416615"
    },
    {
        "video_id": "mir8j8",
        "show_id": "s1-e3-218275"
    },
    {
        "video_id": "hlcvtt",
        "show_id": "s1-e1-218275"
    },
    {
        "video_id": "bgojrl",
        "show_id": "s1-e2-218275"
    },
    {
        "video_id": "6hj8gm",
        "show_id": "s6-e1-69478"
    },
    {
        "video_id": "x6dnbv",
        "show_id": "s6-e2-69478"
    },
    {
        "video_id": "mirjx5",
        "show_id": "s6-e3-69478"
    },
    {
        "video_id": "x6dnaq",
        "show_id": "s6-e4-69478"
    },
    {
        "video_id": "x6dntr",
        "show_id": "s1-e1-278639"
    },
    {
        "video_id": "genqcj",
        "show_id": "s1-e6-278639"
    },
    {
        "video_id": "urw1yc",
        "show_id": "s1-e10-278639"
    },
    {
        "video_id": "c5gihv",
        "show_id": "s1-e7-278639"
    },
    {
        "video_id": "jcbm6c",
        "show_id": "s1-e9-278639"
    },
    {
        "video_id": "x6dnjy",
        "show_id": "s1-e8-278639"
    },
    {
        "video_id": "s9331h",
        "show_id": "100402"
    },
    {
        "video_id": "isqqtv",
        "show_id": "822119"
    },
    {
        "video_id": "bgoldn",
        "show_id": "s22-e1-41822"
    },
    {
        "video_id": "kda3ah",
        "show_id": "s22-e3-41822"
    },
    {
        "video_id": "6hjojk",
        "show_id": "s22-e4-41822"
    },
    {
        "video_id": "x6dpva",
        "show_id": "1297860"
    },
    {
        "video_id": "3v6fg8",
        "show_id": "s2-e9-261507"
    },
    {
        "video_id": "rqf519",
        "show_id": "s2-e10-261507"
    },
    {
        "video_id": "mirldw",
        "show_id": "s2-e8-261507"
    },
    {
        "video_id": "mirx8p",
        "show_id": "1126456"
    },
    {
        "video_id": "c5g8hl",
        "show_id": "1379520"
    },
    {
        "video_id": "genfbj",
        "show_id": "s1-e2-245263"
    },
    {
        "video_id": "c5grjv",
        "show_id": "s48-e6-14658"
    },
    {
        "video_id": "mir1ft",
        "show_id": "s48-e5-14658"
    },
    {
        "video_id": "hlcmga",
        "show_id": "s2-e1-245263"
    },
    {
        "video_id": "jcbuo8",
        "show_id": "s48-e7-14658"
    },
    {
        "video_id": "5weo3s",
        "show_id": "615"
    },
    {
        "video_id": "bgobqy",
        "show_id": "420818"
    },
    {
        "video_id": "gengcm",
        "show_id": "11430"
    },
    {
        "video_id": "n8ynmi",
        "show_id": "762509"
    },
    {
        "video_id": "kdak18",
        "show_id": "8587"
    },
    {
        "video_id": "isqi86",
        "show_id": "607141"
    },
    {
        "video_id": "jcbj1f",
        "show_id": "s1-e2-225383"
    },
    {
        "video_id": "rqfr8l",
        "show_id": "s1-e6-225383"
    },
    {
        "video_id": "isqipv",
        "show_id": "s1-e5-225383"
    },
    {
        "video_id": "lu5luk",
        "show_id": "1462601"
    },
    {
        "video_id": "hl3oae",
        "show_id": "1469687"
    },
    {
        "video_id": "8tgvqv",
        "show_id": "1138194"
    },
    {
        "video_id": "bgdisr",
        "show_id": "1083968"
    },
    {
        "video_id": "x6dxcj",
        "show_id": "1241982"
    },
    {
        "video_id": "hlchwu",
        "show_id": "277834"
    },
    {
        "video_id": "pk5v8r",
        "show_id": "1276073"
    },
    {
        "video_id": "jcxxn6",
        "show_id": "s1-e6-83867"
    },
    {
        "video_id": "is886n",
        "show_id": "s1-e10-83867"
    },
    {
        "video_id": "pk55sd",
        "show_id": "s1-e11-83867"
    },
    {
        "video_id": "8tggnu",
        "show_id": "1210938"
    },
    {
        "video_id": "djfffk",
        "show_id": "s1-e7-83867"
    },
    {
        "video_id": "on11w9",
        "show_id": "s1-e9-83867"
    },
    {
        "video_id": "epccn8",
        "show_id": "s1-e8-83867"
    },
    {
        "video_id": "x6rrec",
        "show_id": "s1-e4-83867"
    },
    {
        "video_id": "3viiwe",
        "show_id": "s1-e3-83867"
    },
    {
        "video_id": "s9ttut",
        "show_id": "s1-e2-83867"
    },
    {
        "video_id": "minnhu",
        "show_id": "s1-e1-83867"
    },
    {
        "video_id": "on11jm",
        "show_id": "s1-e5-83867"
    },
    {
        "video_id": "djf1kw",
        "show_id": "668489"
    },
    {
        "video_id": "q3mx9g",
        "show_id": "974576"
    },
    {
        "video_id": "c56gkx",
        "show_id": "s2-e2-83867"
    },
    {
        "video_id": "on1zi3",
        "show_id": "302946"
    },
    {
        "video_id": "is8qzl",
        "show_id": "s2-e3-83867"
    },
    {
        "video_id": "8tgmlh",
        "show_id": "s2-e1-83867"
    },
    {
        "video_id": "hl38dg",
        "show_id": "931349"
    },
    {
        "video_id": "kdwv8y",
        "show_id": "1422308"
    },
    {
        "video_id": "kdw51p",
        "show_id": "1013601"
    },
    {
        "video_id": "6hqrcv",
        "show_id": "1196943"
    },
    {
        "video_id": "djfait",
        "show_id": "s4-e10-129500"
    },
    {
        "video_id": "9oa3xn",
        "show_id": "s4-e9-129500"
    },
    {
        "video_id": "minutx",
        "show_id": "s4-e11-129500"
    },
    {
        "video_id": "8tgyii",
        "show_id": "s1-e1-229513"
    },
    {
        "video_id": "c56bef",
        "show_id": "s1-e2-229513"
    },
    {
        "video_id": "jcxatn",
        "show_id": "1457124"
    },
    {
        "video_id": "jcxiry",
        "show_id": "453395"
    },
    {
        "video_id": "mincyx",
        "show_id": "383498"
    },
    {
        "video_id": "epcase",
        "show_id": "284054"
    },
    {
        "video_id": "pk5vgp",
        "show_id": "1463735"
    },
    {
        "video_id": "n8b5si",
        "show_id": "1428007"
    },
    {
        "video_id": "gejtiy",
        "show_id": "131634"
    },
    {
        "video_id": "hl3wp3",
        "show_id": "335983"
    },
    {
        "video_id": "s9tzjt",
        "show_id": "297762"
    },
    {
        "video_id": "vzsnde",
        "show_id": "427641"
    },
    {
        "video_id": "bgd539",
        "show_id": "866398"
    },
    {
        "video_id": "minwjx",
        "show_id": "s1-e7-100088"
    },
    {
        "video_id": "urze19",
        "show_id": "s1-e8-100088"
    },
    {
        "video_id": "luvgax",
        "show_id": "s1-e6-100088"
    },
    {
        "video_id": "3vidie",
        "show_id": "s1-e9-100088"
    },
    {
        "video_id": "3vioko",
        "show_id": "s2-e3-100088"
    },
    {
        "video_id": "8tgkl1",
        "show_id": "s2-e2-100088"
    },
    {
        "video_id": "c56ulc",
        "show_id": "s2-e1-100088"
    },
    {
        "video_id": "6hqflb",
        "show_id": "263115"
    },
    {
        "video_id": "is8y9m",
        "show_id": "315635"
    },
    {
        "video_id": "x6rwht",
        "show_id": "353486"
    },
    {
        "video_id": "x6rwj3",
        "show_id": "324552"
    },
    {
        "video_id": "hl3xaq",
        "show_id": "414906"
    },
    {
        "video_id": "hl3xtf",
        "show_id": "293660"
    },
    {
        "video_id": "urzheq",
        "show_id": "335988"
    },
    {
        "video_id": "x6rw5z",
        "show_id": "475557"
    },
    {
        "video_id": "x6rwal",
        "show_id": "343668"
    },
    {
        "video_id": "is8yzf",
        "show_id": "351286"
    },
    {
        "video_id": "q3mo5g",
        "show_id": "157336"
    },
    {
        "video_id": "x6rzep",
        "show_id": "177572"
    },
    {
        "video_id": "is8bl9",
        "show_id": "634649"
    },
    {
        "video_id": "s9tgu9",
        "show_id": "284052"
    },
    {
        "video_id": "rqy98r",
        "show_id": "283995"
    },
    {
        "video_id": "kdwh8n",
        "show_id": "870360"
    },
    {
        "video_id": "bgdwng",
        "show_id": "333339"
    },
    {
        "video_id": "hl3mt1",
        "show_id": "603692"
    },
    {
        "video_id": "3vinei",
        "show_id": "324857"
    },
    {
        "video_id": "pk56v8",
        "show_id": "429617"
    },
    {
        "video_id": "epcxck",
        "show_id": "458156"
    },
    {
        "video_id": "x6rzdf",
        "show_id": "140607"
    },
    {
        "video_id": "hl3mwx",
        "show_id": "299537"
    },
    {
        "video_id": "pk5615",
        "show_id": "438631"
    },
    {
        "video_id": "8t6ius",
        "show_id": "451048"
    },
    {
        "video_id": "onfb5e",
        "show_id": "8363"
    },
    {
        "video_id": "pkvw8v",
        "show_id": "80278"
    },
    {
        "video_id": "vzpkxf",
        "show_id": "s2-e10-93740"
    },
    {
        "video_id": "geq39h",
        "show_id": "s2-e9-93740"
    },
    {
        "video_id": "bgrqsg",
        "show_id": "s2-e8-93740"
    },
    {
        "video_id": "pkvzn9",
        "show_id": "s2-e7-93740"
    },
    {
        "video_id": "8t6hw8",
        "show_id": "s2-e6-93740"
    },
    {
        "video_id": "x6n8sb",
        "show_id": "s2-e5-93740"
    },
    {
        "video_id": "5ws9y3",
        "show_id": "s2-e4-93740"
    },
    {
        "video_id": "mijcpy",
        "show_id": "s2-e3-93740"
    },
    {
        "video_id": "ur1b8p",
        "show_id": "s2-e2-93740"
    },
    {
        "video_id": "8t6haq",
        "show_id": "s1-e10-93740"
    },
    {
        "video_id": "x6n8hy",
        "show_id": "s1-e9-93740"
    },
    {
        "video_id": "5ws9fc",
        "show_id": "s1-e8-93740"
    },
    {
        "video_id": "mijcsf",
        "show_id": "s1-e7-93740"
    },
    {
        "video_id": "ur1bqs",
        "show_id": "s1-e6-93740"
    },
    {
        "video_id": "q3gevu",
        "show_id": "s1-e5-93740"
    },
    {
        "video_id": "6h8tl1",
        "show_id": "s1-e4-93740"
    },
    {
        "video_id": "n8x6tp",
        "show_id": "s1-e3-93740"
    },
    {
        "video_id": "c5iswk",
        "show_id": "s1-e2-93740"
    },
    {
        "video_id": "jcmi5s",
        "show_id": "s1-e1-93740"
    },
    {
        "video_id": "6h83mx",
        "show_id": "950387"
    },
    {
        "video_id": "vzp9jr",
        "show_id": "297761"
    },
    {
        "video_id": "ur1yez",
        "show_id": "363088"
    },
    {
        "video_id": "s95v3y",
        "show_id": "974573"
    },
    {
        "video_id": "3veha6",
        "show_id": "s2-e9-91363"
    },
    {
        "video_id": "s95vkc",
        "show_id": "s2-e8-91363"
    },
    {
        "video_id": "kdz1r5",
        "show_id": "s2-e7-91363"
    },
    {
        "video_id": "rqbx8w",
        "show_id": "s2-e6-91363"
    },
    {
        "video_id": "pkvauq",
        "show_id": "s2-e5-91363"
    },
    {
        "video_id": "mijqe9",
        "show_id": "s2-e4-91363"
    },
    {
        "video_id": "tahswy",
        "show_id": "s2-e3-91363"
    },
    {
        "video_id": "ep3tlk",
        "show_id": "s2-e2-91363"
    },
    {
        "video_id": "6h8css",
        "show_id": "s2-e1-91363"
    },
    {
        "video_id": "pkvvsd",
        "show_id": "s3-e1-91363"
    },
    {
        "video_id": "mijjxh",
        "show_id": "s3-e7-91363"
    },
    {
        "video_id": "tahh3w",
        "show_id": "s3-e6-91363"
    },
    {
        "video_id": "hlttel",
        "show_id": "s3-e5-91363"
    },
    {
        "video_id": "ep33is",
        "show_id": "s3-e4-91363"
    },
    {
        "video_id": "isccgi",
        "show_id": "s3-e3-91363"
    },
    {
        "video_id": "6h88mg",
        "show_id": "s3-e2-91363"
    },
    {
        "video_id": "vzpptt",
        "show_id": "s3-e8-91363"
    },
    {
        "video_id": "x6nnv8",
        "show_id": "s1-e6-84958"
    },
    {
        "video_id": "5wssrl",
        "show_id": "s1-e5-84958"
    },
    {
        "video_id": "mijjaq",
        "show_id": "s1-e4-84958"
    },
    {
        "video_id": "ur11i1",
        "show_id": "s1-e3-84958"
    },
    {
        "video_id": "q3gg9m",
        "show_id": "s1-e2-84958"
    },
    {
        "video_id": "6h88zj",
        "show_id": "s1-e1-84958"
    },
    {
        "video_id": "geqnc3",
        "show_id": "s2-e6-84958"
    },
    {
        "video_id": "bgrojj",
        "show_id": "s2-e5-84958"
    },
    {
        "video_id": "pkvtwa",
        "show_id": "s2-e4-84958"
    },
    {
        "video_id": "8t6me6",
        "show_id": "s2-e3-84958"
    },
    {
        "video_id": "x6ndqr",
        "show_id": "s2-e2-84958"
    },
    {
        "video_id": "5wsele",
        "show_id": "s2-e1-84958"
    },
    {
        "video_id": "vzphsl",
        "show_id": "s1-e6-226362"
    },
    {
        "video_id": "geqnjq",
        "show_id": "s1-e5-226362"
    },
    {
        "video_id": "bgrodd",
        "show_id": "s1-e4-226362"
    },
    {
        "video_id": "pkvt5t",
        "show_id": "s1-e3-226362"
    },
    {
        "video_id": "8t6mgx",
        "show_id": "s1-e2-226362"
    },
    {
        "video_id": "x6ndru",
        "show_id": "s1-e1-226362"
    },
    {
        "video_id": "bgroii",
        "show_id": "s5-e8-85937"
    },
    {
        "video_id": "pkvtou",
        "show_id": "s5-e7-85937"
    },
    {
        "video_id": "8t6mvt",
        "show_id": "s5-e6-85937"
    },
    {
        "video_id": "x6ndeg",
        "show_id": "s5-e5-85937"
    },
    {
        "video_id": "5wsez5",
        "show_id": "s5-e4-85937"
    },
    {
        "video_id": "mijrex",
        "show_id": "s5-e3-85937"
    },
    {
        "video_id": "ur1wn9",
        "show_id": "s5-e2-85937"
    },
    {
        "video_id": "q3gxtr",
        "show_id": "s5-e1-85937"
    },
    {
        "video_id": "hlt8og",
        "show_id": "s44-e13-14658"
    },
    {
        "video_id": "onfwcs",
        "show_id": "s44-e12-14658"
    },
    {
        "video_id": "x6nosa",
        "show_id": "s44-e11-14658"
    },
    {
        "video_id": "iscjkz",
        "show_id": "s44-e10-14658"
    },
    {
        "video_id": "9ow5jx",
        "show_id": "s44-e9-14658"
    },
    {
        "video_id": "3veg19",
        "show_id": "s44-e8-14658"
    },
    {
        "video_id": "s95cdz",
        "show_id": "s44-e7-14658"
    },
    {
        "video_id": "kdzvqy",
        "show_id": "s44-e6-14658"
    },
    {
        "video_id": "rqb1tm",
        "show_id": "s44-e5-14658"
    },
    {
        "video_id": "pkv3ra",
        "show_id": "s44-e4-14658"
    },
    {
        "video_id": "tah6fe",
        "show_id": "s44-e3-14658"
    },
    {
        "video_id": "hlt8oc",
        "show_id": "s44-e2-14658"
    },
    {
        "video_id": "ep3quq",
        "show_id": "s44-e1-14658"
    },
    {
        "video_id": "kdzvjf",
        "show_id": "s2-e4-63926"
    },
    {
        "video_id": "rqb13x",
        "show_id": "s2-e3-63926"
    },
    {
        "video_id": "pkv3dv",
        "show_id": "s2-e2-63926"
    },
    {
        "video_id": "mijdsn",
        "show_id": "s2-e1-63926"
    },
    {
        "video_id": "tah61i",
        "show_id": "s1-e12-63926"
    },
    {
        "video_id": "hlt8u8",
        "show_id": "s1-e11-63926"
    },
    {
        "video_id": "iscj9r",
        "show_id": "s1-e10-63926"
    },
    {
        "video_id": "6h8nlo",
        "show_id": "s1-e9-63926"
    },
    {
        "video_id": "vzpeym",
        "show_id": "s1-e8-63926"
    },
    {
        "video_id": "geqrp9",
        "show_id": "s1-e7-63926"
    },
    {
        "video_id": "bgrueh",
        "show_id": "s1-e6-63926"
    },
    {
        "video_id": "pkv3dd",
        "show_id": "s1-e5-63926"
    },
    {
        "video_id": "8t6xav",
        "show_id": "s1-e4-63926"
    },
    {
        "video_id": "x6nohi",
        "show_id": "s1-e3-63926"
    },
    {
        "video_id": "5wsifw",
        "show_id": "s1-e2-63926"
    },
    {
        "video_id": "mijds6",
        "show_id": "s1-e1-63926"
    },
    {
        "video_id": "ur1aju",
        "show_id": "s0-e14-63926"
    },
    {
        "video_id": "q3gb5j",
        "show_id": "s0-e13-63926"
    },
    {
        "video_id": "6h8npm",
        "show_id": "s0-e12-63926"
    },
    {
        "video_id": "n8xf3o",
        "show_id": "s0-e11-63926"
    },
    {
        "video_id": "jcmytu",
        "show_id": "s0-e10-63926"
    },
    {
        "video_id": "hlt8kx",
        "show_id": "s0-e9-63926"
    },
    {
        "video_id": "luatdg",
        "show_id": "s0-e7-63926"
    },
    {
        "video_id": "onfwqe",
        "show_id": "s0-e6-63926"
    },
    {
        "video_id": "x6noe5",
        "show_id": "s0-e5-63926"
    },
    {
        "video_id": "djyz8i",
        "show_id": "s0-e4-63926"
    },
    {
        "video_id": "iscjla",
        "show_id": "s0-e3-63926"
    },
    {
        "video_id": "9ow5ry",
        "show_id": "s0-e2-63926"
    },
    {
        "video_id": "x6n9ad",
        "show_id": "s2-e11-63926"
    },
    {
        "video_id": "djyvsz",
        "show_id": "s2-e10-63926"
    },
    {
        "video_id": "iscdfn",
        "show_id": "s2-e9-63926"
    },
    {
        "video_id": "9owc63",
        "show_id": "s2-e8-63926"
    },
    {
        "video_id": "3vebdb",
        "show_id": "s2-e7-63926"
    },
    {
        "video_id": "s95jxn",
        "show_id": "s2-e6-63926"
    },
    {
        "video_id": "vzpgnt",
        "show_id": "s2-e12-63926"
    },
    {
        "video_id": "pkvqx6",
        "show_id": "s2-e5-63926"
    },
    {
        "video_id": "rqbahc",
        "show_id": "s1-e23-131033"
    },
    {
        "video_id": "pkvqbu",
        "show_id": "s1-e22-131033"
    },
    {
        "video_id": "mijkvi",
        "show_id": "s1-e21-131033"
    },
    {
        "video_id": "tahxov",
        "show_id": "s1-e20-131033"
    },
    {
        "video_id": "hltn1h",
        "show_id": "s1-e19-131033"
    },
    {
        "video_id": "ep3rzi",
        "show_id": "s1-e18-131033"
    },
    {
        "video_id": "iscdwg",
        "show_id": "s1-e17-131033"
    },
    {
        "video_id": "6h8oax",
        "show_id": "s1-e16-131033"
    },
    {
        "video_id": "vzpgdc",
        "show_id": "s1-e15-131033"
    },
    {
        "video_id": "gequvf",
        "show_id": "s1-e14-131033"
    },
    {
        "video_id": "bgrl3a",
        "show_id": "s1-e13-131033"
    },
    {
        "video_id": "pkvqym",
        "show_id": "s1-e12-131033"
    },
    {
        "video_id": "8t6flk",
        "show_id": "s1-e11-131033"
    },
    {
        "video_id": "x6n9t5",
        "show_id": "s1-e10-131033"
    },
    {
        "video_id": "5wsmoo",
        "show_id": "s1-e9-131033"
    },
    {
        "video_id": "mijk5t",
        "show_id": "s1-e8-131033"
    },
    {
        "video_id": "ur1tgx",
        "show_id": "s1-e7-131033"
    },
    {
        "video_id": "q3g1pe",
        "show_id": "s1-e6-131033"
    },
    {
        "video_id": "6h8oa3",
        "show_id": "s1-e5-131033"
    },
    {
        "video_id": "n8xwhm",
        "show_id": "s1-e4-131033"
    },
    {
        "video_id": "c5iy9i",
        "show_id": "s1-e3-131033"
    },
    {
        "video_id": "jcmzsx",
        "show_id": "s1-e2-131033"
    },
    {
        "video_id": "hltn1c",
        "show_id": "s1-e1-131033"
    },
    {
        "video_id": "mijlt5",
        "show_id": "s1-e8-195339"
    },
    {
        "video_id": "ur1cmm",
        "show_id": "s1-e7-195339"
    },
    {
        "video_id": "q3gwsh",
        "show_id": "s1-e6-195339"
    },
    {
        "video_id": "6h8kvt",
        "show_id": "s1-e5-195339"
    },
    {
        "video_id": "n8xveg",
        "show_id": "s1-e4-195339"
    },
    {
        "video_id": "c5i1le",
        "show_id": "s1-e3-195339"
    },
    {
        "video_id": "jcmahm",
        "show_id": "s1-e2-195339"
    },
    {
        "video_id": "hltdz3",
        "show_id": "s1-e1-195339"
    },
    {
        "video_id": "6h8k5x",
        "show_id": "s2-e8-195339"
    },
    {
        "video_id": "vzpxuc",
        "show_id": "s2-e7-195339"
    },
    {
        "video_id": "geq9tf",
        "show_id": "s2-e6-195339"
    },
    {
        "video_id": "bgrs8a",
        "show_id": "s2-e5-195339"
    },
    {
        "video_id": "pkvn1m",
        "show_id": "s2-e4-195339"
    },
    {
        "video_id": "8t6zsk",
        "show_id": "s2-e3-195339"
    },
    {
        "video_id": "x6npc5",
        "show_id": "s2-e2-195339"
    },
    {
        "video_id": "5wsbko",
        "show_id": "s2-e1-195339"
    },
    {
        "video_id": "onf3xv",
        "show_id": "s1-e12-204154"
    },
    {
        "video_id": "x6np89",
        "show_id": "s1-e11-204154"
    },
    {
        "video_id": "djytm5",
        "show_id": "s1-e10-204154"
    },
    {
        "video_id": "iscu5u",
        "show_id": "s1-e9-204154"
    },
    {
        "video_id": "9owqfj",
        "show_id": "s1-e8-204154"
    },
    {
        "video_id": "3vefpz",
        "show_id": "s1-e7-204154"
    },
    {
        "video_id": "s95rwu",
        "show_id": "s1-e6-204154"
    },
    {
        "video_id": "kdz8yr",
        "show_id": "s1-e5-204154"
    },
    {
        "video_id": "rqb5gq",
        "show_id": "s1-e4-204154"
    },
    {
        "video_id": "pkvnz9",
        "show_id": "s1-e3-204154"
    },
    {
        "video_id": "mijl8m",
        "show_id": "s1-e2-204154"
    },
    {
        "video_id": "tahyp3",
        "show_id": "s1-e1-204154"
    },
    {
        "video_id": "6h89bl",
        "show_id": "s1-e1-62699"
    },
    {
        "video_id": "vzpbcf",
        "show_id": "s1-e9-62699"
    },
    {
        "video_id": "geqlyh",
        "show_id": "s1-e8-62699"
    },
    {
        "video_id": "bgrhzg",
        "show_id": "s1-e7-62699"
    },
    {
        "video_id": "pkvri9",
        "show_id": "s1-e6-62699"
    },
    {
        "video_id": "8t6wd8",
        "show_id": "s1-e5-62699"
    },
    {
        "video_id": "x6nszb",
        "show_id": "s1-e4-62699"
    },
    {
        "video_id": "mijp1y",
        "show_id": "s1-e3-62699"
    },
    {
        "video_id": "ur18sp",
        "show_id": "s1-e2-62699"
    },
    {
        "video_id": "vzpbio",
        "show_id": "s1-e25-127532"
    },
    {
        "video_id": "geqldt",
        "show_id": "s1-e24-127532"
    },
    {
        "video_id": "bgrhkq",
        "show_id": "s1-e23-127532"
    },
    {
        "video_id": "8t6wbi",
        "show_id": "s1-e22-127532"
    },
    {
        "video_id": "x6nsun",
        "show_id": "s1-e21-127532"
    },
    {
        "video_id": "5wsy6h",
        "show_id": "s1-e20-127532"
    },
    {
        "video_id": "ur18va",
        "show_id": "s1-e19-127532"
    },
    {
        "video_id": "q3gayy",
        "show_id": "s1-e18-127532"
    },
    {
        "video_id": "6h89rd",
        "show_id": "s1-e17-127532"
    },
    {
        "video_id": "n8x51w",
        "show_id": "s1-e16-127532"
    },
    {
        "video_id": "c5izxf",
        "show_id": "s1-e15-127532"
    },
    {
        "video_id": "jcmvfa",
        "show_id": "s1-e14-127532"
    },
    {
        "video_id": "hltoqo",
        "show_id": "s1-e13-127532"
    },
    {
        "video_id": "mijpih",
        "show_id": "s1-e12-127532"
    },
    {
        "video_id": "ur18rn",
        "show_id": "s1-e11-127532"
    },
    {
        "video_id": "q3ga33",
        "show_id": "s1-e10-127532"
    },
    {
        "video_id": "6h89he",
        "show_id": "s1-e9-127532"
    },
    {
        "video_id": "n8x5qn",
        "show_id": "s1-e8-127532"
    },
    {
        "video_id": "c5izt8",
        "show_id": "s1-e7-127532"
    },
    {
        "video_id": "jcmv8r",
        "show_id": "s1-e6-127532"
    },
    {
        "video_id": "hltop6",
        "show_id": "s1-e5-127532"
    },
    {
        "video_id": "luanke",
        "show_id": "s1-e4-127532"
    },
    {
        "video_id": "onfcrp",
        "show_id": "s1-e3-127532"
    },
    {
        "video_id": "x6nsgw",
        "show_id": "1357633"
    },
    {
        "video_id": "djy3ns",
        "show_id": "s1-e1-127532"
    },
    {
        "video_id": "hltubo",
        "show_id": "870028"
    },
    {
        "video_id": "q3g5xg",
        "show_id": "872585"
    },
    {
        "video_id": "kdzoto",
        "show_id": "s1-e9-94605"
    },
    {
        "video_id": "rqbjar",
        "show_id": "s1-e8-94605"
    },
    {
        "video_id": "pkv9qs",
        "show_id": "s1-e7-94605"
    },
    {
        "video_id": "mij6kb",
        "show_id": "s1-e6-94605"
    },
    {
        "video_id": "tahvx8",
        "show_id": "s1-e5-94605"
    },
    {
        "video_id": "hltpng",
        "show_id": "s1-e4-94605"
    },
    {
        "video_id": "ep3srx",
        "show_id": "s1-e3-94605"
    },
    {
        "video_id": "ischdy",
        "show_id": "s1-e2-94605"
    },
    {
        "video_id": "6h8eo1",
        "show_id": "s1-e1-94605"
    },
    {
        "video_id": "pkv9da",
        "show_id": "s2-e9-94605"
    },
    {
        "video_id": "x6nghr",
        "show_id": "s2-e8-94605"
    },
    {
        "video_id": "5wsafe",
        "show_id": "s2-e7-94605"
    },
    {
        "video_id": "mij6sd",
        "show_id": "s2-e6-94605"
    },
    {
        "video_id": "ur1dqv",
        "show_id": "s2-e5-94605"
    },
    {
        "video_id": "q3gcvf",
        "show_id": "s2-e4-94605"
    },
    {
        "video_id": "n8xqta",
        "show_id": "s2-e3-94605"
    },
    {
        "video_id": "c5itw1",
        "show_id": "s2-e2-94605"
    },
    {
        "video_id": "hltpuu",
        "show_id": "s2-e1-94605"
    },
    {
        "video_id": "is8i3j",
        "show_id": "1461983"
    },
    {
        "video_id": "s9tski",
        "show_id": "s1-e10-126308"
    },
    {
        "video_id": "kdwkrs",
        "show_id": "s1-e9-126308"
    },
    {
        "video_id": "rqyr89",
        "show_id": "s1-e8-126308"
    },
    {
        "video_id": "pk5pug",
        "show_id": "s1-e7-126308"
    },
    {
        "video_id": "minmew",
        "show_id": "s1-e6-126308"
    },
    {
        "video_id": "taetwd",
        "show_id": "s1-e5-126308"
    },
    {
        "video_id": "hl3h9f",
        "show_id": "s1-e4-126308"
    },
    {
        "video_id": "epcelz",
        "show_id": "s1-e3-126308"
    },
    {
        "video_id": "is8ipa",
        "show_id": "s1-e2-126308"
    },
    {
        "video_id": "vzsv1k",
        "show_id": "s1-e1-126308"
    },
    {
        "video_id": "djfook",
        "show_id": "1442410"
    },
    {
        "video_id": "is866x",
        "show_id": "1302916"
    },
    {
        "video_id": "3vic8d",
        "show_id": "1416889"
    },
    {
        "video_id": "pk5san",
        "show_id": "s4-e6-42009"
    },
    {
        "video_id": "minxqp",
        "show_id": "s4-e5-42009"
    },
    {
        "video_id": "tae3s1",
        "show_id": "s4-e4-42009"
    },
    {
        "video_id": "hl3e5k",
        "show_id": "s4-e3-42009"
    },
    {
        "video_id": "epcitl",
        "show_id": "s4-e2-42009"
    },
    {
        "video_id": "is863s",
        "show_id": "s4-e1-42009"
    },
    {
        "video_id": "minxjw",
        "show_id": "s5-e3-42009"
    },
    {
        "video_id": "urzk1i",
        "show_id": "s5-e2-42009"
    },
    {
        "video_id": "q3mjgl",
        "show_id": "s5-e1-42009"
    },
    {
        "video_id": "x6rbrd",
        "show_id": "s3-e1-42009"
    },
    {
        "video_id": "djfofz",
        "show_id": "s3-e5-42009"
    },
    {
        "video_id": "is868n",
        "show_id": "s3-e4-42009"
    },
    {
        "video_id": "9oala3",
        "show_id": "s3-e3-42009"
    },
    {
        "video_id": "3vicib",
        "show_id": "s3-e2-42009"
    },
    {
        "video_id": "s9thtn",
        "show_id": "s3-e6-42009"
    },
    {
        "video_id": "urzkwg",
        "show_id": "s6-e5-42009"
    },
    {
        "video_id": "6hqgj5",
        "show_id": "s6-e4-42009"
    },
    {
        "video_id": "n8bry6",
        "show_id": "s6-e3-42009"
    },
    {
        "video_id": "c568gh",
        "show_id": "s6-e2-42009"
    },
    {
        "video_id": "jcxnbg",
        "show_id": "s6-e1-42009"
    },
    {
        "video_id": "djfoa5",
        "show_id": "s7-e4-42009"
    },
    {
        "video_id": "is86ru",
        "show_id": "s7-e5-42009"
    },
    {
        "video_id": "9oal3j",
        "show_id": "s7-e2-42009"
    },
    {
        "video_id": "3vicxz",
        "show_id": "s7-e1-42009"
    },
    {
        "video_id": "s9thqu",
        "show_id": "s7-e3-42009"
    },
    {
        "video_id": "kdw9tr",
        "show_id": "s7-e6-42009"
    },
    {
        "video_id": "gejxxn",
        "show_id": "s6-e5-69478"
    },
    {
        "video_id": "rqyolg",
        "show_id": "s1-e8-225180"
    },
    {
        "video_id": "pk5hgw",
        "show_id": "s1-e7-225180"
    },
    {
        "video_id": "taecnh",
        "show_id": "s1-e5-225180"
    },
    {
        "video_id": "hl3ix3",
        "show_id": "s1-e4-225180"
    },
    {
        "video_id": "epc6b8",
        "show_id": "s1-e3-225180"
    },
    {
        "video_id": "is8gyj",
        "show_id": "s1-e2-225180"
    },
    {
        "video_id": "6hqmfr",
        "show_id": "s1-e1-225180"
    },
    {
        "video_id": "djfuxb",
        "show_id": "s1-e6-225180"
    },
    {
        "video_id": "jcxduj",
        "show_id": "1452090"
    },
    {
        "video_id": "miny3o",
        "show_id": "1197306"
    },
    {
        "video_id": "q3mr6u",
        "show_id": "1013301"
    },
    {
        "video_id": "rqy9pi",
        "show_id": "337339"
    },
    {
        "video_id": "vzpksi",
        "show_id": "843794"
    },
    {
        "video_id": "pkz56i",
        "show_id": "574475"
    }
]